Title,Source,Author/Creator,Short Summary,Why It's Valuable,Tags,Date Last Updated,Audience Fit,Quality Rating,Recommendation Level
"Using AI Right Now: A Quick Guide",https://www.oneusefulthing.org/p/using-ai-right-now-a-quick-guide,Ethan Mollick,"Practical guide focusing on Claude, Gemini, and ChatGPT for serious AI users","Recent, authoritative, focuses on practical usage from renowned AI educator","AI Tools, ChatGPT, Claude, Gemini, Practical Guide",2025-06-23,beginner / non-coder / corporate,5,Must Include - Top 5
"Microsoft AI Agents for Beginners",https://github.com/microsoft/ai-agents-for-beginners,Microsoft,"11-lesson curriculum covering AI agent fundamentals with hands-on code examples","Official Microsoft resource, 33.3k stars, active development, comprehensive curriculum","GitHub, AI Agents, Hands-on, Microsoft, Curriculum",2025-07-23,technical beginner / developer,5,Must Include - Top 5
"Get Started With ChatGPT: A Beginner's Guide",https://www.cnet.com/tech/services-and-software/get-started-with-chatgpt-a-beginners-guide-to-using-the-super-popular-ai-chatbot/,Amanda Smith (CNET),"Step-by-step ChatGPT setup and usage guide with practical examples","Very recent, from trusted tech publication, includes safety warnings and practical examples","ChatGPT, Beginner Guide, Setup, Practical Examples",2025-07-29,beginner / non-coder,5,Must Include - Top 5
"How To Start Using AI in 2025 – A Complete Guide for Beginners",https://datanorth.ai/blog/how-to-start-using-ai,DataNorth,"Comprehensive guide covering what AI is, types, advantages/disadvantages","Very recent, comprehensive for complete beginners","AI Basics, Complete Guide, Beginner",2025-07-01,beginner / non-coder,4,Include
"6 No Code and AI Tools to Master for 2025",https://www.nocode.mba/articles/6-nocode-tools,NoCode MBA,"Covers 6 key no-code AI tools: Replit Agent, Bubble, Bolt.new, FlutterFlow, Glide, Make","Practical tool recommendations from no-code experts, forward-looking","No-Code, AI Tools, Replit, Bubble, FlutterFlow",2024-11-12,non-coder / business professional,4,Include
"How to Learn AI in 2025: A Roadmap for Beginners and Developers",https://www.udacity.com/blog/2025/05/how-to-learn-ai-in-2025-a-roadmap-for-beginners-and-developers.html,Udacity,"Structured learning roadmap with career focus","Structured approach from reputable education platform, career-oriented","Learning Path, Roadmap, Career Focus",2025-05-12,beginner / technical beginner,4,Include
"5 essential AI tips for beginners in 2025",https://knowledgeenthusiast.com/2025/05/29/ai-tips-beginners/,Knowledge Enthusiast,"Practical tips focusing on context, specificity, and conversation building","Recent, actionable advice for practical AI usage","Tips, Practical Advice, Context",2025-05-29,beginner / corporate,4,Include
"The Ultimate Guide to Studying AI & Machine Learning for Non-Technical People",https://medium.com/@harshav.vanukuri/the-ultimate-guide-to-studying-ai-machine-learning-for-non-technical-people-and-engineers-2ccdaf47262c,Harshav Vanukuri,"Timeline-based learning approach for non-technical backgrounds","Specifically targets non-technical audience with structured timeline","Non-Technical, Learning Timeline, ML",2024-11-25,non-coder / beginner,4,Include
"15 Machine Learning Projects GitHub for Beginners in 2025",https://www.projectpro.io/article/machine-learning-projects-on-github/465,ProjectPro,"Sample GitHub ML projects for beginners","Recent, beginner-focused, curated project list","GitHub Projects, ML, Hands-on",2025-01-30,technical beginner,4,Include
"25 FREE Tutorials to Build Production-Ready AI Agents Fast!",https://medium.com/@nirdiamant21/25-free-tutorials-to-build-production-ready-ai-agents-fast-e446d00e61bd,Nir Diamant,"Comprehensive tutorials for production-level AI agents","Recent, production-focused, comprehensive tutorial collection","AI Agents, Tutorials, Production",2025-06-30,technical beginner / developer,4,Include
"Top 10 AI Newsletters You Should Follow For 2025",https://datanorth.ai/blog/top-ai-newsletters,DataNorth,"Curated list of top AI newsletters including The Neuron, Ben's Bites, Chain of Thought","Recent, comprehensive list from AI education platform","Newsletters, AI News, Community",2024-12-10,beginner / corporate / technical beginner,4,Include
"Best 15 AI Newsletters To Read In 2025",https://www.letterpal.io/blog/best-ai-newsletters,Letterpal,"Comprehensive comparison of AI newsletters","Detailed comparison of newsletter options","Newsletters, Comparison, AI News",2024-10-28,beginner / corporate,3,Include
"10 Best AI Discord Servers to Join in 2025",https://www.digitalocean.com/resources/articles/ai-discord-servers,DigitalOcean,"Online communities for AI discussion and learning","From trusted tech source, community-focused","Discord, Communities, Learning",2025-04-29,beginner / technical beginner,4,Include
"Google's Machine Learning Crash Course",https://developers.google.com/machine-learning/crash-course,Google for Developers,"Introduction to ML datasets and data preparation","Official Google resource, well-maintained","Google, ML, Official Resource",2024-08-13,technical beginner,4,Include
"Gemini for Google Workspace Prompt Guide",https://workspace.google.com/learning/content/gemini-prompt-guide,Google Workspace,"Foundational skills for writing effective prompts, organized by job role","Official Google resource, job-role specific","Gemini, Prompting, Google, Workspace",2024-10-24,corporate / business professional,4,Include
"Ultimate ChatGPT 4o Guide 2025: How to Use Chat GPT For Beginners",https://www.youtube.com/watch?v=yFMVT3bcrJo,AI Master,"Comprehensive ChatGPT video guide from zero to advanced","High engagement (447K views), comprehensive video tutorial","ChatGPT, Video Tutorial, YouTube",2024-08-16,beginner / visual learner,4,Include
"CLAUDE AI Tutorial for Beginners - How to Use Claude AI",https://www.youtube.com/watch?v=yrphNwXox8c,AI Tutorial Channel,"25-minute comprehensive Claude AI beginner guide","Recent, comprehensive beginner video tutorial","Claude, Video Tutorial, Beginner",2025-01-10,beginner / visual learner,4,Include
"Claude Code Beginner Guide – Get Started in 20 Minutes (2025)",https://m.youtube.com/watch?v=iYiuzAsWnHU,AI Education Channel,"Master Claude Code for building apps without writing code","Very recent, no-code focus, practical","Claude Code, No-Code, App Building",2025-06-16,non-coder / beginner,4,Include
"Google Gemini Full Tutorial for Beginners",https://www.youtube.com/watch?v=GUQNQnJrabk,Tech Tutorial Channel,"Beginner-friendly Google Gemini tutorial","Recent, beginner-focused video guide","Gemini, Video Tutorial, Beginner",2024-11-28,beginner / visual learner,4,Include
"Top No-Code AI Tools of 2025: In-Depth Guide",https://buildfire.com/no-code-ai-tools/,Buildfire,"Comprehensive guide to AI tools for specific business needs","Recent, business-focused, comprehensive","No-Code, AI Tools, Business",2024-12-31,business professional / non-coder,4,Include
"Best Low-Code AI Platforms 2025: Compare Features & Pricing",https://www.appsmith.com/blog/top-low-code-ai-platforms,Appsmith,"Comparison of top 5 low-code AI platforms with features and pricing","Detailed comparison with pricing information","Low-Code, Platforms, Comparison, Pricing",2024-12-05,business professional / technical beginner,4,Include
"The Ultimate Guide to No-Code AI Platforms",https://smartdev.com/the-ultimate-guide-to-no-code-ai-platforms-how-to-build-ai-powered-apps-without-coding/,SmartDev,"Drag-and-drop interfaces, pre-built AI models, automated workflows","Recent, comprehensive coverage of no-code AI","No-Code, AI Platforms, Comprehensive",2025-04-16,non-coder / business professional,4,Include
"AI Workflow Builders: The No-Code Revolution in 2025",https://reply.io/blog/ai-workflow-builders/,Reply.io,"Complex automation with drag-and-drop modules","Recent, workflow-focused automation guide","Workflow Automation, No-Code, AI",2025-04-06,business professional / non-coder,4,Include
"15 Best No-Code/Low-Code Platforms (2025): Features & Pricing",https://www.blaze.tech/post/no-code-low-code-platform,Blaze,"Top tools for 2025 with pricing and features","Very recent, detailed pricing information","No-Code, Low-Code, Platforms, Pricing",2025-07-08,business professional / non-coder,4,Include
"10 GitHub Repositories for Machine Learning Projects",https://www.kdnuggets.com/10-github-repositories-for-machine-learning-projects,KDnuggets,"Top ML repositories for skills, portfolio, and creativity","From trusted ML publication, project-focused","GitHub, ML Projects, KDnuggets",2025-07-21,technical beginner / developer,4,Include
"From MCP to multi-agents: The top 10 new open source AI projects",https://github.blog/open-source/maintainers/from-mcp-to-multi-agents-the-top-10-open-source-ai-projects-on-github-right-now-and-why-they-matter/,GitHub Blog,"Analysis of top open source AI projects from last 99 days","Official GitHub analysis, very recent projects","GitHub, Open Source, AI Projects",2025-04-30,technical beginner / developer,4,Include
"Top GitHub Projects of Jan 2025",https://opencv.org/blog/top-github-projects-jan-2025/,OpenCV,"Trending projects in AI, web automation, and more","Recent, from computer vision authority","GitHub, Trending Projects, AI",2025-02-05,technical beginner / developer,4,Include
"A Guide To Using ChatGPT (If You've Never Used It Before)",https://www.forbes.com/sites/jodiecook/2024/09/03/a-guide-to-using-chatgpt-if-youve-never-used-it-before/,Jodie Cook (Forbes),"Avoid beginner pitfalls, understand how it works, learn prompting","From trusted business publication, focuses on avoiding mistakes","ChatGPT, Forbes, Beginner Mistakes",2024-09-03,beginner / corporate,4,Include
"15 ChatGPT Tips from Experts in 2025",https://team-gpt.com/blog/15-chatgpt-tips-from-experts-in-2024/,Team-GPT,"Expert tips to skyrocket productivity","Expert-level insights for productivity","ChatGPT, Expert Tips, Productivity",2025-06-28,corporate / technical beginner,4,Include
"FULL tutorial. Claude is my fave AI tool of late",https://bryanjcollins.medium.com/claude-ai-full-tutorial-e44b3093cb0e,Bryan Collins,"Claude Projects feature for specialized workspaces","Recent, detailed tutorial on Claude Projects","Claude, Projects, Tutorial",2025-04-15,beginner / corporate,4,Include
"12 AI Newsletters to Keep You Informed on Emerging Technologies",https://www.digitalocean.com/resources/articles/ai-newsletters,DigitalOcean,"Featured: Chain of Thought, Import AI, Ben's Bites, Prompts Daily","From trusted tech company, comprehensive newsletter list","Newsletters, AI News, DigitalOcean",2024-08-15,beginner / technical beginner,4,Include
"Top AI Newsletters Popular in 2025 (Including New Launches)",https://medium.com/ai-for-absolute-beginners/top-ai-newsletters-popular-in-2025-including-new-launches-8ce2302c9302,AI for Absolute Beginners,"Fast five-minute AI digests, tool walkthroughs, workflow tips","Very recent, beginner-focused newsletter guide","Newsletters, Beginner Focus, AI News",2025-06-16,beginner / non-coder,4,Include
"Join These AI Communities for Unlimited Learning",https://www.godofprompt.ai/blog/join-these-ai-communities-for-unlimited-learning,God of Prompt,"AI Community (Discord), Women in AI (Slack) recommendations","Recent, diverse community options","Communities, Discord, Slack, Learning",2025-05-13,beginner / technical beginner,4,Include
"How to Start No-Code Development from Scratch in 2025",https://www.reddit.com/r/nocode/comments/1ib3172/how_to_start_nocode_development_from_scratch_in/,Reddit r/nocode,"Recommends starting with Airtable, then Bubble or Webflow","Very recent, community-vetted recommendations","No-Code, Reddit, Community",2025-01-27,non-coder / beginner,3,Include
"If I started learning AI Agents & no-code Automation in 2025",https://ai.gopubby.com/if-i-started-learning-ai-agents-no-code-automation-in-2025-heres-what-i-d-do-to-move-10x-faster-4ead3aecb80f,AI GoPubby,"Learning path for AI agents and automation for non-technical users","Recent, structured learning approach for non-technical","AI Agents, No-Code, Learning Path",2025-06-05,non-coder / beginner,4,Include
"The Ultimate Beginner Guide to Machine Learning",https://www.reddit.com/r/learnmachinelearning/comments/1fxqko8/the_ultimate_beginner_guide_to_machine_learning/,Reddit r/learnmachinelearning,"13-hour comprehensive guide for beginners to intermediate","Community-vetted, comprehensive ML guide","ML, Reddit, Comprehensive Guide",2024-10-06,technical beginner,4,Include
"What's the best resource to learn AI agent for a non-technical person?",https://www.reddit.com/r/AI_Agents/comments/1l0ivxv/whats_the_best_resource_to_learn_ai_agent_for_a/,Reddit r/AI_Agents,"Recommends smolagents, LangGraph, AutoGen for non-technical users","Recent, community recommendations for non-technical","AI Agents, Non-Technical, Reddit",2025-06-01,non-coder / beginner,3,Include
"Basics of AI Agents for Non-Tech Beginners using N8N",https://www.youtube.com/watch?v=06sBCkYF7PE,Simplilearn,"AI agents explained for non-technical users using N8N","Very recent, no-code approach to AI agents","AI Agents, N8N, No-Code, Video",2025-07-23,non-coder / beginner,4,Include
"What's the best drag-and-drop way to build AI agents right now?",https://www.reddit.com/r/LLMDevs/comments/1ig52az/whats_the_best_draganddrop_way_to_build_ai_agents/,Reddit r/LLMDevs,"Community discussion on Langflow, Flowise, Gumloop, n8n","Recent community insights on drag-and-drop tools","AI Agents, Drag-and-Drop, Community",2025-02-02,technical beginner / developer,3,Include
"My guide on what tools to use to build AI agents (if you are a newb)",https://www.reddit.com/r/AI_Agents/comments/1il8b1i/my_guide_on_what_tools_to_use_to_build_ai_agents/,Reddit r/AI_Agents,"Beginner-friendly guide to AI agent tools","Recent, specifically for beginners","AI Agents, Beginner Tools, Reddit",2025-02-09,beginner / technical beginner,3,Include
"Best git repos for ML projects",https://www.reddit.com/r/learnmachinelearning/comments/1i7ce63/best_git_repos_for_ml_projects/,Reddit r/learnmachinelearning,"Community recommendations for ML project repositories","Recent, community-vetted ML repositories","GitHub, ML Projects, Community",2025-01-22,technical beginner / developer,3,Include
"Discord AI Community: From Beginner to Niche Topic Guidance",https://www.reddit.com/r/learnmachinelearning/comments/1fazjty/discord_ai_community_from_beginner_to_niche_topic/,Reddit r/learnmachinelearning,"Serious AI community supporting entire AI journey","Community-built, beginner to advanced support","Discord, Community, Learning Journey",2024-09-06,beginner / technical beginner,3,Include
"Top 15 Discord servers for machine learning",https://whop.com/blog/discord-servers-machine-learning/,Whop,"Best communities for AI and ML skills development","Focused on skill development communities","Discord, ML Communities, Skills",2024-11-05,technical beginner / developer,3,Include
"Two Big Studies on AI in Education Just Dropped",https://danmeyer.substack.com/p/two-big-studies-on-ai-in-education,Dan Meyer,"Studies on AI in education, teaching, learning, and technology","Recent, education-focused research insights","AI Education, Research, Substack",2025-01-22,corporate / educator,3,Include
"How AI is Changing Education Worldwide",https://aixeducation.substack.com/p/how-ai-is-changing-education-worldwide,AI x Education,"Student and teacher viewpoints on AI in education","Recent, educational perspective on AI adoption","AI Education, Global Perspective",2025-03-13,educator / corporate,3,Include
"GSV: AI & Education by Claire Zau",https://aieducation.substack.com/,Claire Zau,"Newsletter on AI and Education with thousands of subscribers","Education-focused AI newsletter","AI Education, Newsletter, Substack",2025-07-21,educator / corporate,3,Include
"Hyper-Realistic AI Avatar Educators Are Here",https://tomstakesaitools.substack.com/p/hyper-realistic-ai-avatar-educators,Tom's Takes AI Tools,"AI avatars as virtual instructors and educational tools","Recent, innovative educational applications","AI Avatars, Education, Innovation",2025-04-24,educator / corporate,3,Include
"Machine Learning Skills: Your Guide to Getting Started",https://www.coursera.org/articles/machine-learning-skills,Coursera,"Career-focused ML skills and educational requirements","Recent, career-oriented from education platform","ML Skills, Career, Coursera",2025-01-13,technical beginner / career-focused,4,Include
"Master the Basics: A Beginner's Guide to Machine Learning",https://blog.hyperiondev.com/post/machine-learning-for-beginners-a-complete-guide/,HyperionDev,"Key ML concepts, why Python is best tool, how to start learning","Recent, comprehensive ML beginner guide","ML Basics, Python, Beginner Guide",2025-05-20,technical beginner,4,Include

